Rank,Team,Model Organization,Model,Dataset,N dataset,Dataset 95% CI,Market,N market,Market 95% CI,Overall,N,Overall 95% CI,Supers > Forecaster?,p-val Supers > Forecaster?,Forecaster > Public?,p-val Forecaster > Public?,Pct times № 1,Pct times top 5%,x% oracle equiv,Peer,BSS
1,ForecastBench,ForecastBench,Superforecaster median forecast,0.131,521,"[0.121, 0.14]",0.04,56,"[0.02, 0.056]",0.085,577,"[0.074, 0.095]",—,—,Yes,<0.001,96.798,100.0,71%,0.183,0.091
2,xAI,xAI,grok-4-fast,0.14,485,"[0.132, 0.147]",0.062,88,"[0.04, 0.084]",0.101,573,"[0.089, 0.112]",Likely,0.02,Yes,<0.01,2.251,94.497,68%,0.196,0.045
3,Cassi-AI,Cassi-AI,ensemble_2_crowdadj,0.144,955,"[0.137, 0.15]",0.06,173,"[0.046, 0.074]",0.102,1128,"[0.094, 0.11]",Yes,<0.01,Yes,<0.01,0.2,98.549,68%,0.191,0.054
4,ForecastBench,OpenAI,GPT-5-2025-08-07 (zero shot with crowd forecast),0.145,1818,"[0.141, 0.15]",0.064,247,"[0.053, 0.075]",0.104,2065,"[0.099, 0.111]",Yes,<0.001,Yes,<0.01,0.0,98.349,68%,0.196,0.053
5,ForecastBench,OpenAI,O3-2025-04-16 (zero shot with crowd forecast),0.152,2629,"[0.148, 0.157]",0.058,330,"[0.048, 0.069]",0.105,2959,"[0.1, 0.111]",Yes,<0.001,Yes,<0.01,0.0,98.049,68%,0.189,0.054
6,ForecastBench,Anthropic,Claude-Sonnet-4-5-20250929 (zero shot with crowd forecast),0.154,1443,"[0.149, 0.159]",0.061,246,"[0.052, 0.07]",0.107,1689,"[0.102, 0.113]",Yes,<0.001,Likely,0.01,0.0,93.097,67%,0.186,0.05
6,ForecastBench,xAI,Grok-4-0709 (zero shot with crowd forecast),0.155,1443,"[0.149, 0.162]",0.058,246,"[0.05, 0.067]",0.107,1689,"[0.102, 0.112]",Yes,<0.001,Yes,<0.01,0.0,94.597,67%,0.186,0.051
6,ForecastBench,xAI,Grok-4-Fast-Reasoning (zero shot with crowd forecast),0.155,1443,"[0.149, 0.16]",0.06,246,"[0.052, 0.07]",0.107,1689,"[0.102, 0.113]",Yes,<0.001,Likely,0.01,0.0,85.943,67%,0.186,0.05
6,ForecastBench,OpenAI,GPT-4.5-Preview-2025-02-27 (zero shot with crowd forecast),0.157,2355,"[0.154, 0.161]",0.057,185,"[0.046, 0.069]",0.107,2540,"[0.102, 0.113]",Yes,<0.001,Likely,0.01,0.0,82.041,67%,0.205,0.055
6,Lightning Rod Labs,Lightning Rod Labs,Foresight-32B,0.149,470,"[0.138, 0.16]",0.065,85,"[0.038, 0.094]",0.107,555,"[0.092, 0.122]",Yes,<0.01,Likely,0.08,0.75,66.883,67%,0.182,0.06
11,ForecastBench,Anthropic,Claude-Opus-4-1-20250805 (zero shot with crowd forecast),0.154,2306,"[0.149, 0.159]",0.063,320,"[0.053, 0.072]",0.108,2626,"[0.103, 0.114]",Yes,<0.001,Likely,0.02,0.0,70.735,67%,0.191,0.05
12,ForecastBench,OpenAI,GPT-5.1-2025-11-13 (zero shot with crowd forecast),0.148,488,"[0.135, 0.162]",0.071,73,"[0.053, 0.091]",0.109,561,"[0.098, 0.121]",Yes,<0.01,Likely,0.08,0.0,51.326,67%,0.185,0.051
12,ForecastBench,OpenAI,GPT-4.5-Preview-2025-02-27 (scratchpad with crowd forecast),0.153,2355,"[0.149, 0.156]",0.066,185,"[0.053, 0.078]",0.109,2540,"[0.103, 0.116]",Yes,<0.001,Likely,0.03,0.0,48.524,67%,0.203,0.053
12,ForecastBench,Google,Gemini-2.5-Pro (zero shot with crowd forecast),0.15,2306,"[0.145, 0.155]",0.069,320,"[0.056, 0.082]",0.109,2626,"[0.102, 0.116]",Yes,<0.001,Likely,0.03,0.0,56.278,67%,0.19,0.049
12,ForecastBench,Google,Gemini-3-Pro-Preview (zero shot with crowd forecast),0.153,488,"[0.144, 0.161]",0.065,73,"[0.051, 0.082]",0.109,561,"[0.101, 0.118]",Yes,<0.001,Likely,0.05,0.0,53.127,67%,0.185,0.051
12,ForecastBench,Anthropic,Claude-3-7-Sonnet-20250219 (scratchpad with crowd forecast),0.157,8228,"[0.155, 0.16]",0.061,613,"[0.053, 0.068]",0.109,8841,"[0.105, 0.113]",Yes,<0.001,Likely,0.02,0.0,57.079,67%,0.191,0.055
17,Cassi-AI,Cassi-AI,ensemble_2,0.144,955,"[0.137, 0.15]",0.078,173,"[0.059, 0.098]",0.111,1128,"[0.1, 0.121]",Yes,<0.01,Likely,0.09,0.0,41.321,67%,0.182,0.045
18,ForecastBench,Google,Gemini-2.5-Pro-Preview-03-25 (zero shot with crowd forecast),0.152,1186,"[0.146, 0.158]",0.072,84,"[0.057, 0.088]",0.112,1270,"[0.104, 0.12]",Yes,<0.001,Likely,0.08,0.0,24.912,67%,0.175,0.049
19,ForecastBench,xAI,Grok-4-1-Fast-Reasoning (zero shot with crowd forecast),0.161,488,"[0.152, 0.17]",0.065,73,"[0.05, 0.082]",0.113,561,"[0.104, 0.122]",Yes,<0.001,No,0.12,0.0,16.958,66%,0.182,0.048
20,ForecastBench,OpenAI,O3-2025-04-16 (scratchpad with crowd forecast),0.157,1186,"[0.151, 0.162]",0.071,84,"[0.054, 0.091]",0.114,1270,"[0.105, 0.124]",Yes,<0.001,No,0.16,0.0,13.957,66%,0.173,0.047
20,ForecastBench,OpenAI,GPT-5-Mini-2025-08-07 (zero shot with crowd forecast),0.153,2306,"[0.148, 0.158]",0.075,320,"[0.062, 0.088]",0.114,2626,"[0.107, 0.121]",Yes,<0.001,No,0.12,0.0,3.402,66%,0.185,0.044
22,ForecastBench,OpenAI,O4-Mini-2025-04-16 (zero shot with crowd forecast),0.155,4073,"[0.151, 0.159]",0.074,343,"[0.06, 0.089]",0.115,4416,"[0.107, 0.122]",Yes,<0.001,No,0.17,0.0,6.653,66%,0.19,0.048
22,ForecastBench,Qwen,Qwen3-235B-A22B-Fp8-Tput (zero shot with crowd forecast),0.157,2306,"[0.152, 0.162]",0.072,320,"[0.061, 0.084]",0.115,2626,"[0.109, 0.121]",Yes,<0.001,No,0.17,0.0,0.65,66%,0.184,0.043
22,ForecastBench,Anthropic,Claude-Haiku-4-5-20251001 (zero shot with crowd forecast),0.172,1443,"[0.165, 0.179]",0.058,246,"[0.05, 0.067]",0.115,1689,"[0.11, 0.121]",Yes,<0.001,No,0.16,0.0,0.15,66%,0.178,0.042
25,Anonymous 1,Anonymous 1,capella,0.146,485,"[0.137, 0.154]",0.085,88,"[0.068, 0.103]",0.116,573,"[0.106, 0.126]",Yes,<0.001,No,0.24,0.0,9.405,66%,0.181,0.03
25,ForecastBench,OpenAI,GPT-4.1-2025-04-14 (scratchpad with crowd forecast),0.16,5259,"[0.155, 0.165]",0.071,427,"[0.061, 0.083]",0.116,5686,"[0.11, 0.122]",Yes,<0.001,No,0.21,0.0,0.25,66%,0.185,0.046
25,ForecastBench,Anthropic,Claude-Opus-4-20250514 (scratchpad with crowd forecast),0.156,864,"[0.149, 0.162]",0.075,86,"[0.06, 0.095]",0.116,950,"[0.107, 0.125]",Yes,<0.001,No,0.22,0.0,6.153,66%,0.2,0.048
25,ForecastBench,Anthropic,Claude-Sonnet-4-20250514 (zero shot with crowd forecast),0.167,2306,"[0.162, 0.173]",0.064,320,"[0.054, 0.073]",0.116,2626,"[0.11, 0.121]",Yes,<0.001,No,0.19,0.0,0.05,66%,0.184,0.042
25,ForecastBench,OpenAI,O3-Mini-2025-01-31 (zero shot with crowd forecast),0.169,4706,"[0.165, 0.172]",0.063,347,"[0.055, 0.071]",0.116,5053,"[0.111, 0.12]",Yes,<0.001,No,0.20,0.0,0.0,66%,0.184,0.047
25,ForecastBench,Google,Gemini-2.5-Flash-Preview-04-17 (scratchpad with crowd forecast),0.155,1186,"[0.147, 0.163]",0.078,84,"[0.063, 0.095]",0.116,1270,"[0.108, 0.125]",Yes,<0.001,No,0.27,0.0,2.051,66%,0.171,0.045
25,ForecastBench,Anthropic,Claude-3-7-Sonnet-20250219 (zero shot with crowd forecast),0.164,9671,"[0.162, 0.167]",0.067,859,"[0.059, 0.076]",0.116,10530,"[0.111, 0.12]",Yes,<0.001,No,0.18,0.0,0.0,66%,0.184,0.047
32,ForecastBench,DeepSeek,DeepSeek-R1 (scratchpad with crowd forecast),0.165,5880,"[0.162, 0.168]",0.069,443,"[0.06, 0.077]",0.117,6323,"[0.112, 0.121]",Yes,<0.001,No,0.24,0.0,0.0,66%,0.186,0.046
32,ForecastBench,Anthropic,Claude-3-5-Sonnet-20241022 (scratchpad with crowd forecast),0.173,8228,"[0.17, 0.175]",0.061,613,"[0.053, 0.069]",0.117,8841,"[0.113, 0.121]",Yes,<0.001,No,0.25,0.0,0.0,66%,0.183,0.047
34,ForecastBench,OpenAI,O4-Mini-2025-04-16 (scratchpad with crowd forecast),0.155,4073,"[0.151, 0.159]",0.081,343,"[0.066, 0.097]",0.118,4416,"[0.111, 0.126]",Yes,<0.001,No,0.33,0.0,0.7,66%,0.186,0.044
34,ForecastBench,xAI,Grok-beta (zero shot with crowd forecast),0.174,2339,"[0.17, 0.179]",0.061,174,"[0.052, 0.071]",0.118,2513,"[0.112, 0.123]",Yes,<0.001,No,0.30,0.0,0.1,66%,0.184,0.047
36,ForecastBench,OpenAI,O3-2025-04-16 (scratchpad),0.157,1186,"[0.151, 0.162]",0.083,84,"[0.056, 0.112]",0.12,1270,"[0.106, 0.135]",Yes,<0.001,No,0.42,0.0,6.003,65%,0.167,0.041
36,ForecastBench,Google,Gemini-2.5-Flash-Preview-04-17 (zero shot with crowd forecast),0.156,1186,"[0.147, 0.165]",0.085,84,"[0.062, 0.111]",0.12,1270,"[0.108, 0.134]",Yes,<0.001,No,0.46,0.0,2.801,65%,0.167,0.041
36,ForecastBench,Anthropic,Claude-3-5-Sonnet-20241022 (zero shot with crowd forecast),0.172,8228,"[0.169, 0.174]",0.069,613,"[0.059, 0.079]",0.12,8841,"[0.115, 0.125]",Yes,<0.001,No,0.46,0.0,0.0,65%,0.179,0.043
39,ForecastBench,ForecastBench,Public median forecast,0.165,521,"[0.153, 0.178]",0.078,56,"[0.058, 0.098]",0.121,577,"[0.11, 0.134]",Yes,<0.001,—,—,0.0,1.951,65%,0.147,0.055
39,ForecastBench,DeepSeek,DeepSeek-V3.1 (zero shot with crowd forecast),0.159,1443,"[0.152, 0.166]",0.084,246,"[0.067, 0.101]",0.121,1689,"[0.113, 0.13]",Yes,<0.001,No,0.50,0.0,0.0,65%,0.172,0.036
41,ForecastBench,Moonshot,Kimi-K2-Instruct-0905 (zero shot with crowd forecast),0.166,1443,"[0.159, 0.172]",0.077,246,"[0.06, 0.096]",0.122,1689,"[0.112, 0.131]",Yes,<0.001,No,0.52,0.0,0.15,65%,0.172,0.036
41,ForecastBench,Google,Gemini-2.5-Pro-Preview-03-25 (zero shot),0.152,1186,"[0.146, 0.158]",0.093,84,"[0.065, 0.125]",0.122,1270,"[0.108, 0.139]",Yes,<0.001,No,0.56,0.0,3.052,65%,0.165,0.039
41,ForecastBench,OpenAI,GPT-4.1-2025-04-14 (zero shot with crowd forecast),0.168,7565,"[0.164, 0.172]",0.077,747,"[0.067, 0.087]",0.122,8312,"[0.117, 0.128]",Yes,<0.001,No,0.58,0.0,0.0,65%,0.179,0.038
41,ForecastBench,OpenAI,GPT-4-Turbo-2024-04-09 (zero shot with crowd forecast),0.176,6042,"[0.173, 0.179]",0.068,474,"[0.059, 0.078]",0.122,6516,"[0.117, 0.127]",Yes,<0.001,No,0.56,0.0,0.0,65%,0.171,0.043
45,ForecastBench,Qwen,Qwen3-235B-A22B-Fp8-Tput (scratchpad with crowd forecast),0.171,6377,"[0.168, 0.174]",0.075,512,"[0.066, 0.083]",0.123,6889,"[0.118, 0.127]",Yes,<0.001,No,0.61,0.0,0.0,65%,0.182,0.039
45,ForecastBench,Qwen,Qwen3-235B-A22B-Thinking-2507 (zero shot with crowd forecast),0.182,1443,"[0.174, 0.191]",0.064,246,"[0.052, 0.078]",0.123,1689,"[0.116, 0.132]",Yes,<0.001,No,0.62,0.0,0.0,65%,0.17,0.034
45,ForecastBench,Anthropic,Claude-3-5-Sonnet-20240620 (scratchpad with crowd forecast),0.171,13649,"[0.169, 0.173]",0.076,1077,"[0.068, 0.084]",0.123,14726,"[0.119, 0.128]",Yes,<0.001,No,0.65,0.0,0.0,65%,0.177,0.041
45,ForecastBench,Anthropic,Claude-Opus-4-1-20250805 (scratchpad with crowd forecast),0.162,863,"[0.155, 0.169]",0.084,74,"[0.061, 0.113]",0.123,937,"[0.111, 0.138]",Yes,<0.001,No,0.55,0.0,0.2,65%,0.188,0.036
45,ForecastBench,Anthropic,Claude-3-5-Sonnet-20240620 (zero shot with crowd forecast),0.173,14510,"[0.17, 0.175]",0.072,1164,"[0.064, 0.081]",0.123,15674,"[0.118, 0.127]",Yes,<0.001,No,0.60,0.0,0.0,65%,0.179,0.041
45,Anonymous 1,Anonymous 1,rigel,0.166,470,"[0.153, 0.179]",0.079,85,"[0.053, 0.103]",0.123,555,"[0.108, 0.136]",Yes,<0.001,No,0.57,0.0,3.702,65%,0.166,0.044
51,ForecastBench,Google,Gemini-2.5-Flash (zero shot with crowd forecast),0.168,2306,"[0.162, 0.175]",0.079,320,"[0.066, 0.093]",0.124,2626,"[0.116, 0.131]",Yes,<0.001,No,0.66,0.0,0.0,65%,0.175,0.034
51,ForecastBench,Google,Gemini-2.5-Flash-Preview-04-17 (zero shot),0.156,1186,"[0.147, 0.165]",0.093,84,"[0.062, 0.126]",0.124,1270,"[0.109, 0.141]",Yes,<0.001,No,0.62,0.0,2.001,65%,0.163,0.037
51,ForecastBench,DeepSeek,DeepSeek-V3 (zero shot with crowd forecast),0.178,5880,"[0.176, 0.181]",0.07,443,"[0.061, 0.079]",0.124,6323,"[0.12, 0.129]",Yes,<0.001,No,0.69,0.0,0.0,65%,0.179,0.039
51,ForecastBench,DeepSeek,DeepSeek-V3 (scratchpad with crowd forecast),0.167,5880,"[0.164, 0.17]",0.081,443,"[0.071, 0.091]",0.124,6323,"[0.119, 0.129]",Yes,<0.001,No,0.67,0.0,0.0,65%,0.179,0.039
51,Anonymous 1,Anonymous 1,arcturus,0.152,955,"[0.144, 0.161]",0.095,173,"[0.075, 0.116]",0.124,1128,"[0.113, 0.135]",Yes,<0.001,No,0.62,0.0,0.4,65%,0.169,0.032
56,ForecastBench,Anthropic,Claude-3-7-Sonnet-20250219 (scratchpad),0.157,8228,"[0.155, 0.16]",0.093,613,"[0.083, 0.103]",0.125,8841,"[0.12, 0.13]",Yes,<0.001,No,0.73,0.0,0.0,65%,0.174,0.038
56,Anonymous 1,Anonymous 1,Ensemble,0.155,470,"[0.146, 0.164]",0.095,85,"[0.073, 0.115]",0.125,555,"[0.113, 0.136]",Yes,<0.001,No,0.67,0.0,0.3,65%,0.163,0.042
58,ForecastBench,OpenAI,GPT-4.5-Preview-2025-02-27 (zero shot),0.157,2355,"[0.154, 0.161]",0.094,185,"[0.071, 0.116]",0.126,2540,"[0.114, 0.137]",Yes,<0.001,No,0.70,0.0,0.05,65%,0.187,0.037
58,ForecastBench,Meta,Meta-Llama-3.1-405B-Instruct-Turbo (zero shot with crowd forecast),0.176,2348,"[0.173, 0.18]",0.075,170,"[0.063, 0.087]",0.126,2518,"[0.119, 0.132]",Yes,<0.001,No,0.74,0.0,0.0,65%,0.164,0.039
58,ForecastBench,Anthropic,Claude-Sonnet-4-20250514 (scratchpad with crowd forecast),0.178,1727,"[0.172, 0.184]",0.074,160,"[0.063, 0.087]",0.126,1887,"[0.12, 0.134]",Yes,<0.001,No,0.76,0.0,0.0,64%,0.187,0.035
61,ForecastBench,Anthropic,Claude-Sonnet-4-5-20250929 (zero shot),0.154,1443,"[0.149, 0.159]",0.101,246,"[0.08, 0.121]",0.127,1689,"[0.117, 0.138]",Yes,<0.001,No,0.77,0.0,0.0,64%,0.166,0.03
62,ForecastBench,Anthropic,Claude-3-Opus-20240229 (zero shot with crowd forecast),0.174,6042,"[0.171, 0.177]",0.083,474,"[0.071, 0.094]",0.128,6516,"[0.122, 0.134]",Yes,<0.001,No,0.90,0.0,0.0,64%,0.165,0.037
62,Anonymous 1,Anonymous 1,polaris,0.169,470,"[0.156, 0.182]",0.088,85,"[0.07, 0.106]",0.128,555,"[0.117, 0.14]",Yes,<0.001,No,0.81,0.0,0.0,64%,0.16,0.039
62,ForecastBench,Moonshot,Kimi-K2-Instruct (zero shot with crowd forecast),0.177,3543,"[0.172, 0.182]",0.08,420,"[0.067, 0.093]",0.128,3963,"[0.121, 0.135]",Yes,<0.001,No,0.85,0.0,0.0,64%,0.182,0.03
65,ForecastBench,Qwen,QwQ-32B-Preview (scratchpad with crowd forecast),0.188,3525,"[0.182, 0.194]",0.071,258,"[0.06, 0.081]",0.129,3783,"[0.123, 0.135]",Yes,<0.001,No,0.89,0.0,0.0,64%,0.168,0.035
65,ForecastBench,OpenAI,O3-Mini-2025-01-31 (scratchpad with crowd forecast),0.17,4706,"[0.166, 0.173]",0.088,347,"[0.077, 0.1]",0.129,5053,"[0.123, 0.135]",Yes,<0.001,No,0.88,0.0,0.0,64%,0.171,0.034
67,ForecastBench,Meta,Llama-4-Maverick-17B-128E-Instruct-FP8 (scratchpad with crowd forecast),0.184,4701,"[0.181, 0.187]",0.077,342,"[0.068, 0.087]",0.13,5043,"[0.126, 0.136]",Yes,<0.001,No,0.92,0.0,0.0,64%,0.16,0.033
68,ForecastBench,OpenAI,GPT-4.5-Preview-2025-02-27 (scratchpad),0.153,2355,"[0.149, 0.156]",0.11,185,"[0.091, 0.129]",0.131,2540,"[0.121, 0.141]",Yes,<0.001,No,0.91,0.0,0.0,64%,0.181,0.031
68,ForecastBench,xAI,Grok-beta (zero shot),0.174,2339,"[0.17, 0.179]",0.087,174,"[0.068, 0.108]",0.131,2513,"[0.121, 0.141]",Yes,<0.001,No,0.89,0.0,0.0,64%,0.171,0.034
68,ForecastBench,Meta,Meta-Llama-3.1-405B-Instruct-Turbo (scratchpad with crowd forecast),0.182,2348,"[0.178, 0.186]",0.08,170,"[0.068, 0.094]",0.131,2518,"[0.124, 0.138]",Yes,<0.001,No,0.93,0.0,0.0,64%,0.159,0.033
71,ForecastBench,Meta,Llama-3.3-70B-Instruct-Turbo (scratchpad with crowd forecast),0.185,8228,"[0.183, 0.188]",0.078,613,"[0.07, 0.087]",0.132,8841,"[0.127, 0.137]",Yes,<0.001,No,0.95,0.0,0.0,64%,0.168,0.032
71,ForecastBench,OpenAI,GPT-4o-2024-05-13 (zero shot with crowd forecast),0.193,8178,"[0.189, 0.196]",0.071,609,"[0.062, 0.08]",0.132,8787,"[0.127, 0.137]",Yes,<0.001,No,0.95,0.0,0.0,64%,0.167,0.032
71,Anonymous 1,Anonymous 1,canopus,0.154,955,"[0.145, 0.162]",0.11,173,"[0.087, 0.132]",0.132,1128,"[0.119, 0.144]",Yes,<0.001,No,0.87,0.0,0.0,64%,0.161,0.025
71,ForecastBench,Google,Gemini-3-Pro-Preview (zero shot),0.153,488,"[0.144, 0.161]",0.11,73,"[0.067, 0.151]",0.132,561,"[0.11, 0.152]",Yes,<0.001,No,0.78,0.0,1.801,64%,0.163,0.029
71,ForecastBench,Mistral,Mistral-Large-2407 (zero shot with crowd forecast),0.191,8178,"[0.188, 0.194]",0.073,609,"[0.063, 0.082]",0.132,8787,"[0.127, 0.137]",Yes,<0.001,No,0.95,0.0,0.0,64%,0.167,0.032
76,ForecastBench,OpenAI,O4-Mini-2025-04-16 (scratchpad),0.155,4073,"[0.151, 0.159]",0.111,343,"[0.092, 0.131]",0.133,4416,"[0.123, 0.143]",Yes,<0.001,No,0.93,0.0,0.0,64%,0.171,0.029
76,Anonymous 1,Anonymous 1,bigdipper,0.161,485,"[0.148, 0.174]",0.106,88,"[0.07, 0.146]",0.133,573,"[0.114, 0.154]",Yes,<0.001,No,0.83,0.0,0.55,64%,0.164,0.012
76,ForecastBench,Google,Gemini-2.5-Flash-Preview-04-17 (scratchpad),0.155,1186,"[0.147, 0.163]",0.111,84,"[0.078, 0.146]",0.133,1270,"[0.116, 0.151]",Yes,<0.001,No,0.87,0.0,0.1,64%,0.154,0.028
79,ForecastBench,Qwen,Qwen2.5-72B-Instruct-Turbo (zero shot with crowd forecast),0.191,2348,"[0.187, 0.196]",0.076,170,"[0.063, 0.09]",0.134,2518,"[0.127, 0.141]",Yes,<0.001,No,0.97,0.0,0.0,63%,0.156,0.031
79,ForecastBench,Z.ai,GLM-4.5-Air-FP8 (zero shot with crowd forecast),0.189,1818,"[0.181, 0.196]",0.08,247,"[0.066, 0.095]",0.134,2065,"[0.126, 0.142]",Yes,<0.001,No,0.96,0.0,0.0,63%,0.166,0.023
79,ForecastBench,xAI,Grok-4-1-Fast-Reasoning (zero shot),0.161,488,"[0.152, 0.17]",0.108,73,"[0.067, 0.15]",0.134,561,"[0.114, 0.156]",Yes,<0.001,No,0.85,0.0,0.65,63%,0.16,0.026
79,ForecastBench,OpenAI,O4-Mini-2025-04-16 (zero shot),0.155,4073,"[0.151, 0.159]",0.112,343,"[0.093, 0.132]",0.134,4416,"[0.124, 0.144]",Yes,<0.001,No,0.94,0.0,0.0,63%,0.171,0.028
83,ForecastBench,Meta,Llama-3.3-70B-Instruct-Turbo (zero shot with crowd forecast),0.196,8228,"[0.192, 0.199]",0.074,613,"[0.063, 0.084]",0.135,8841,"[0.13, 0.14]",Yes,<0.001,No,0.98,0.0,0.0,63%,0.165,0.029
83,ForecastBench,OpenAI,GPT-4.1-2025-04-14 (scratchpad),0.16,5259,"[0.155, 0.165]",0.11,427,"[0.092, 0.129]",0.135,5686,"[0.126, 0.145]",Yes,<0.001,No,0.96,0.0,0.0,63%,0.166,0.027
83,ForecastBench,OpenAI,GPT-4-0613 (zero shot with crowd forecast),0.189,1389,"[0.181, 0.198]",0.08,123,"[0.062, 0.098]",0.135,1512,"[0.125, 0.145]",Yes,<0.001,No,1.00,0.0,0.0,63%,0.139,0.038
83,ForecastBench,Anthropic,Claude-3-5-Sonnet-20241022 (scratchpad),0.173,8228,"[0.17, 0.175]",0.097,613,"[0.085, 0.108]",0.135,8841,"[0.128, 0.14]",Yes,<0.001,No,0.97,0.0,0.0,63%,0.165,0.029
87,ForecastBench,DeepSeek,DeepSeek-R1 (scratchpad),0.165,4706,"[0.162, 0.169]",0.106,347,"[0.094, 0.118]",0.136,5053,"[0.129, 0.142]",Yes,<0.001,No,0.98,0.0,0.0,63%,0.164,0.028
87,ForecastBench,Z.ai,GLM-4.5-Air-FP8 (scratchpad with crowd forecast),0.18,863,"[0.171, 0.19]",0.093,74,"[0.074, 0.114]",0.136,937,"[0.126, 0.148]",Yes,<0.001,No,0.97,0.0,0.0,63%,0.174,0.022
87,ForecastBench,OpenAI,O3-2025-04-16 (zero shot),0.152,2629,"[0.148, 0.157]",0.12,330,"[0.098, 0.141]",0.136,2959,"[0.125, 0.147]",Yes,<0.001,No,0.96,0.0,0.0,63%,0.158,0.023
87,ForecastBench,Mistral,Mistral-Large-2411 (zero shot with crowd forecast),0.194,2588,"[0.189, 0.2]",0.077,247,"[0.065, 0.091]",0.136,2835,"[0.129, 0.143]",Yes,<0.001,No,0.98,0.0,0.0,63%,0.181,0.023
91,Anonymous 1,Anonymous 1,bootis,0.16,470,"[0.149, 0.17]",0.115,85,"[0.086, 0.149]",0.137,555,"[0.121, 0.155]",Yes,<0.001,No,0.94,0.0,0.0,63%,0.151,0.03
91,ForecastBench,Moonshot,Kimi-K2-Instruct (scratchpad with crowd forecast),0.174,1724,"[0.167, 0.182]",0.099,161,"[0.081, 0.118]",0.137,1885,"[0.127, 0.148]",Yes,<0.001,No,0.97,0.0,0.0,63%,0.181,0.019
93,ForecastBench,Anthropic,Claude-3-5-Sonnet-20240620 (scratchpad with news with crowd forecast),0.172,1389,"[0.165, 0.179]",0.104,123,"[0.08, 0.129]",0.138,1512,"[0.125, 0.151]",Yes,<0.001,No,1.00,0.0,0.0,63%,0.135,0.034
93,ForecastBench,Anthropic,Claude-Opus-4-1-20250805 (zero shot),0.154,2306,"[0.149, 0.159]",0.122,320,"[0.102, 0.141]",0.138,2626,"[0.128, 0.148]",Yes,<0.001,No,0.98,0.0,0.0,63%,0.161,0.02
95,ForecastBench,OpenAI,GPT-5-Mini-2025-08-07 (zero shot),0.153,2306,"[0.148, 0.158]",0.127,320,"[0.108, 0.147]",0.14,2626,"[0.13, 0.15]",Yes,<0.001,No,0.99,0.0,0.0,63%,0.159,0.018
96,ForecastBench,Google,Gemini-2.0-Flash-Lite-001 (scratchpad with crowd forecast),0.188,2339,"[0.181, 0.194]",0.095,174,"[0.077, 0.114]",0.141,2513,"[0.132, 0.152]",Yes,<0.001,No,0.99,0.0,0.0,62%,0.161,0.024
96,ForecastBench,OpenAI,O3-Mini-2025-01-31 (zero shot),0.169,4706,"[0.165, 0.172]",0.114,347,"[0.097, 0.129]",0.141,5053,"[0.133, 0.149]",Yes,<0.001,No,1.00,0.0,0.0,62%,0.159,0.022
98,ForecastBench,OpenAI,GPT-4o-2024-11-20 (zero shot with crowd forecast with web search),0.173,1174,"[0.165, 0.182]",0.111,96,"[0.077, 0.149]",0.142,1270,"[0.124, 0.161]",Yes,<0.001,No,0.97,0.0,0.0,62%,0.174,0.021
98,ForecastBench,Google,Gemini-2.5-Pro (zero shot),0.15,2306,"[0.145, 0.155]",0.134,320,"[0.11, 0.157]",0.142,2626,"[0.129, 0.154]",Yes,<0.001,No,0.99,0.0,0.0,62%,0.157,0.016
98,Anonymous 1,Anonymous 1,centauri,0.171,470,"[0.158, 0.184]",0.113,85,"[0.09, 0.138]",0.142,555,"[0.129, 0.157]",Yes,<0.001,No,0.98,0.0,0.0,62%,0.146,0.025
98,ForecastBench,Anthropic,Claude-3-5-Sonnet-20241022 (zero shot),0.172,8228,"[0.169, 0.174]",0.112,613,"[0.098, 0.126]",0.142,8841,"[0.135, 0.149]",Yes,<0.001,No,1.00,0.0,0.0,62%,0.158,0.022
102,ForecastBench,Mistral,Magistral-Medium-2506 (scratchpad with crowd forecast),0.187,1727,"[0.18, 0.194]",0.1,160,"[0.085, 0.117]",0.143,1887,"[0.135, 0.152]",Yes,<0.001,No,1.00,0.0,0.0,62%,0.17,0.018
102,ForecastBench,OpenAI,GPT-4o (scratchpad with crowd forecast),0.187,1389,"[0.178, 0.196]",0.098,123,"[0.078, 0.121]",0.143,1512,"[0.131, 0.155]",Yes,<0.001,No,1.00,0.0,0.0,62%,0.131,0.029
102,ForecastBench,OpenAI,GPT-5-2025-08-07 (zero shot),0.145,1818,"[0.141, 0.15]",0.142,247,"[0.114, 0.17]",0.143,2065,"[0.129, 0.157]",Yes,<0.001,No,0.99,0.0,0.0,62%,0.157,0.014
102,ForecastBench,Meta,Meta-Llama-3.1-405B-Instruct-Turbo (zero shot),0.176,2348,"[0.173, 0.18]",0.109,170,"[0.087, 0.132]",0.143,2518,"[0.131, 0.155]",Yes,<0.001,No,1.00,0.0,0.0,62%,0.147,0.022
102,ForecastBench,OpenAI,GPT-4o-2024-11-20 (scratchpad with crowd forecast with web search),0.176,1174,"[0.168, 0.185]",0.109,96,"[0.083, 0.139]",0.143,1270,"[0.129, 0.158]",Yes,<0.001,No,0.99,0.0,0.0,62%,0.174,0.02
107,ForecastBench,DeepSeek,DeepSeek-V3 (scratchpad),0.167,5880,"[0.164, 0.17]",0.121,443,"[0.108, 0.134]",0.144,6323,"[0.137, 0.151]",Yes,<0.001,No,1.00,0.0,0.0,62%,0.159,0.019
107,ForecastBench,xAI,Grok-4-0709 (zero shot),0.155,1443,"[0.149, 0.162]",0.132,246,"[0.108, 0.156]",0.144,1689,"[0.132, 0.156]",Yes,<0.001,No,0.99,0.0,0.0,62%,0.15,0.014
107,ForecastBench,OpenAI,GPT-4.1-2025-04-14 (zero shot),0.168,7565,"[0.164, 0.172]",0.121,747,"[0.105, 0.136]",0.144,8312,"[0.136, 0.152]",Yes,<0.001,No,1.00,0.0,0.0,62%,0.157,0.016
107,Mantic,Mantic,mantic-light-2025-10-testing,0.22,958,"[0.206, 0.234]",0.068,158,"[0.051, 0.087]",0.144,1116,"[0.133, 0.155]",Yes,<0.001,No,1.00,0.0,0.0,62%,0.147,0.02
107,ForecastBench,xAI,Grok-4-Fast-Reasoning (zero shot),0.155,1443,"[0.149, 0.16]",0.133,246,"[0.109, 0.158]",0.144,1689,"[0.131, 0.157]",Yes,<0.001,No,0.99,0.0,0.0,62%,0.149,0.014
107,ForecastBench,Anthropic,Claude-Opus-4-20250514 (scratchpad),0.156,864,"[0.149, 0.162]",0.132,86,"[0.1, 0.168]",0.144,950,"[0.127, 0.163]",Yes,<0.001,No,0.99,0.0,0.0,62%,0.172,0.02
113,ForecastBench,Anthropic,Claude-3-5-Sonnet-20240620 (superforecaster with news 1),0.171,1389,"[0.164, 0.178]",0.119,123,"[0.087, 0.15]",0.145,1512,"[0.129, 0.161]",Yes,<0.001,No,1.00,0.0,0.0,62%,0.128,0.027
113,ForecastBench,OpenAI,GPT-4-Turbo-2024-04-09 (scratchpad with crowd forecast),0.188,6042,"[0.185, 0.192]",0.103,474,"[0.09, 0.117]",0.145,6516,"[0.139, 0.153]",Yes,<0.001,No,1.00,0.0,0.0,62%,0.148,0.02
115,ForecastBench,OpenAI,GPT-4o-2024-05-13 (scratchpad with crowd forecast),0.204,8178,"[0.201, 0.207]",0.089,609,"[0.079, 0.098]",0.146,8787,"[0.141, 0.151]",Yes,<0.001,No,1.00,0.0,0.0,62%,0.152,0.017
115,ForecastBench,Anthropic,Claude-Haiku-4-5-20251001 (zero shot),0.172,1443,"[0.165, 0.179]",0.119,246,"[0.097, 0.14]",0.146,1689,"[0.134, 0.157]",Yes,<0.001,No,1.00,0.0,0.0,62%,0.148,0.012
117,ForecastBench,Anthropic,Claude-Opus-4-1-20250805 (scratchpad),0.162,863,"[0.155, 0.169]",0.131,74,"[0.096, 0.171]",0.147,937,"[0.129, 0.167]",Yes,<0.001,No,0.98,0.0,0.0,62%,0.164,0.012
117,ForecastBench,OpenAI,GPT-4o-2024-11-20 (scratchpad with web search),0.176,1174,"[0.168, 0.185]",0.117,96,"[0.091, 0.146]",0.147,1270,"[0.133, 0.161]",Yes,<0.001,No,1.00,0.0,0.0,62%,0.169,0.016
119,ForecastBench,OpenAI,GPT-5-Nano-2025-08-07 (zero shot with crowd forecast),0.177,2306,"[0.17, 0.185]",0.119,320,"[0.1, 0.139]",0.148,2626,"[0.139, 0.159]",Yes,<0.001,No,1.00,0.0,0.0,61%,0.151,0.01
120,ForecastBench,Meta,Llama-4-Scout-17B-16E-Instruct (zero shot with crowd forecast),0.208,5565,"[0.205, 0.212]",0.089,428,"[0.078, 0.1]",0.149,5993,"[0.143, 0.155]",Yes,<0.001,No,1.00,0.0,0.0,61%,0.147,0.015
120,ForecastBench,Anthropic,Claude-3-7-Sonnet-20250219 (zero shot),0.164,9671,"[0.162, 0.167]",0.134,859,"[0.121, 0.146]",0.149,10530,"[0.143, 0.155]",Yes,<0.001,No,1.00,0.0,0.0,61%,0.151,0.014
120,ForecastBench,Meta,Llama-3-70b-Chat-Hf (zero shot with crowd forecast),0.204,3694,"[0.199, 0.209]",0.093,304,"[0.078, 0.109]",0.149,3998,"[0.141, 0.157]",Yes,<0.001,No,1.00,0.0,0.0,61%,0.146,0.017
120,ForecastBench,OpenAI,GPT-4o (zero shot with crowd forecast),0.211,1389,"[0.201, 0.221]",0.086,123,"[0.065, 0.113]",0.149,1512,"[0.137, 0.162]",Yes,<0.001,No,1.00,0.0,0.0,61%,0.125,0.023
120,ForecastBench,OpenAI,GPT-4o-2024-11-20 (zero shot with web search),0.173,1174,"[0.165, 0.182]",0.126,96,"[0.087, 0.168]",0.149,1270,"[0.13, 0.17]",Yes,<0.001,No,0.99,0.0,0.0,61%,0.167,0.013
125,ForecastBench,OpenAI,GPT-4o (scratchpad with news with crowd forecast),0.193,1389,"[0.183, 0.201]",0.107,123,"[0.084, 0.131]",0.15,1512,"[0.138, 0.162]",Yes,<0.001,No,1.00,0.0,0.0,61%,0.124,0.023
125,ForecastBench,OpenAI,GPT-5.1-2025-11-13 (zero shot),0.148,488,"[0.135, 0.162]",0.151,73,"[0.093, 0.212]",0.15,561,"[0.12, 0.181]",Yes,<0.001,No,0.96,0.0,0.5,61%,0.145,0.011
125,ForecastBench,Anthropic,Claude-3-5-Sonnet-20240620 (scratchpad),0.171,13649,"[0.169, 0.173]",0.129,1077,"[0.12, 0.138]",0.15,14726,"[0.145, 0.155]",Yes,<0.001,No,1.00,0.0,0.0,61%,0.15,0.014
125,ForecastBench,DeepSeek,DeepSeek-V3 (zero shot),0.178,5880,"[0.176, 0.181]",0.122,443,"[0.109, 0.135]",0.15,6323,"[0.143, 0.157]",Yes,<0.001,No,1.00,0.0,0.0,61%,0.153,0.013
125,ForecastBench,Meta,Llama-3.3-70B-Instruct-Turbo (zero shot),0.196,8228,"[0.192, 0.199]",0.105,613,"[0.092, 0.117]",0.15,8841,"[0.144, 0.157]",Yes,<0.001,No,1.00,0.0,0.0,61%,0.149,0.013
130,ForecastBench,Anthropic,Claude-Sonnet-4-20250514 (zero shot),0.167,2306,"[0.162, 0.173]",0.134,320,"[0.114, 0.152]",0.151,2626,"[0.14, 0.16]",Yes,<0.001,No,1.00,0.0,0.0,61%,0.148,0.007
130,Anonymous 1,Anonymous 1,sirius,0.17,470,"[0.156, 0.184]",0.132,85,"[0.099, 0.167]",0.151,555,"[0.133, 0.17]",Yes,<0.001,No,1.00,0.0,0.0,61%,0.138,0.016
130,ForecastBench,Moonshot,Kimi-K2-Instruct-0905 (zero shot),0.166,1443,"[0.159, 0.172]",0.137,246,"[0.11, 0.162]",0.151,1689,"[0.138, 0.164]",Yes,<0.001,No,1.00,0.0,0.0,61%,0.142,0.006
130,ForecastBench,Meta,Llama-3-8b-Chat-Hf (zero shot with crowd forecast),0.203,2538,"[0.196, 0.209]",0.099,213,"[0.078, 0.121]",0.151,2751,"[0.14, 0.162]",Yes,<0.001,No,1.00,0.0,0.0,61%,0.137,0.016
130,ForecastBench,Qwen,Qwen1.5-110B-Chat (zero shot with crowd forecast),0.199,1389,"[0.191, 0.207]",0.103,123,"[0.084, 0.124]",0.151,1512,"[0.14, 0.162]",Yes,<0.001,No,1.00,0.0,0.0,61%,0.123,0.021
130,ForecastBench,Google,Gemini-1.5-Pro (scratchpad with crowd forecast),0.178,1389,"[0.172, 0.185]",0.123,123,"[0.096, 0.15]",0.151,1512,"[0.137, 0.165]",Yes,<0.001,No,1.00,0.0,0.0,61%,0.123,0.021
136,ForecastBench,OpenAI,O3-Mini-2025-01-31 (scratchpad),0.17,4706,"[0.166, 0.173]",0.135,347,"[0.12, 0.149]",0.152,5053,"[0.145, 0.16]",Yes,<0.001,No,1.00,0.0,0.0,61%,0.148,0.011
136,Anonymous 1,Anonymous 1,vega,0.156,955,"[0.148, 0.164]",0.147,173,"[0.117, 0.179]",0.152,1128,"[0.136, 0.168]",Yes,<0.001,No,1.00,0.0,0.0,61%,0.141,0.004
136,ForecastBench,Qwen,QwQ-32B-Preview (scratchpad),0.188,3525,"[0.182, 0.194]",0.115,258,"[0.1, 0.131]",0.152,3783,"[0.144, 0.16]",Yes,<0.001,No,1.00,0.0,0.0,61%,0.145,0.012
139,ForecastBench,Qwen,Qwen3-235B-A22B-Fp8-Tput (zero shot),0.158,1821,"[0.153, 0.164]",0.148,232,"[0.124, 0.173]",0.153,2053,"[0.141, 0.166]",Yes,<0.001,No,1.00,0.0,0.0,61%,0.147,0.008
139,ForecastBench,Meta,Llama-4-Scout-17B-16E-Instruct (scratchpad with crowd forecast),0.219,3513,"[0.216, 0.222]",0.087,257,"[0.075, 0.099]",0.153,3770,"[0.147, 0.159]",Yes,<0.001,No,1.00,0.0,0.0,61%,0.142,0.011
139,ForecastBench,Anthropic,Claude-3-5-Sonnet-20240620 (zero shot),0.173,14510,"[0.17, 0.175]",0.133,1164,"[0.122, 0.143]",0.153,15674,"[0.147, 0.158]",Yes,<0.001,No,1.00,0.0,0.0,61%,0.149,0.011
142,ForecastBench,ForecastBench,Imputed Forecaster,0.25,15953,"[0.25, 0.25]",0.057,1410,"[0.05, 0.064]",0.154,17363,"[0.15, 0.157]",Yes,<0.001,No,1.00,0.0,0.0,61%,0.148,0.009
142,ForecastBench,Anthropic,Claude-3-Opus-20240229 (scratchpad with crowd forecast),0.182,6042,"[0.179, 0.186]",0.126,474,"[0.113, 0.138]",0.154,6516,"[0.148, 0.161]",Yes,<0.001,No,1.00,0.0,0.0,61%,0.139,0.011
142,ForecastBench,Mistral,Mistral-Large-2407 (scratchpad with crowd forecast),0.202,5834,"[0.199, 0.205]",0.106,433,"[0.095, 0.118]",0.154,6267,"[0.148, 0.16]",Yes,<0.001,No,1.00,0.0,0.0,61%,0.146,0.009
142,ForecastBench,Qwen,Qwen3-235B-A22B-Fp8-Tput (scratchpad),0.171,6377,"[0.168, 0.174]",0.136,512,"[0.123, 0.148]",0.154,6889,"[0.147, 0.16]",Yes,<0.001,No,1.00,0.0,0.0,61%,0.152,0.008
146,ForecastBench,OpenAI,GPT-4-Turbo-2024-04-09 (zero shot),0.176,6042,"[0.173, 0.179]",0.133,474,"[0.119, 0.149]",0.155,6516,"[0.148, 0.163]",Yes,<0.001,No,1.00,0.0,0.0,61%,0.138,0.011
146,ForecastBench,Moonshot,Kimi-K2-Instruct (scratchpad),0.174,1724,"[0.167, 0.182]",0.135,161,"[0.109, 0.162]",0.155,1885,"[0.142, 0.169]",Yes,<0.001,No,1.00,0.0,0.0,61%,0.163,0.002
148,ForecastBench,OpenAI,GPT-4-0613 (scratchpad with crowd forecast),0.193,1389,"[0.185, 0.201]",0.118,123,"[0.093, 0.143]",0.156,1512,"[0.143, 0.169]",Yes,<0.001,No,1.00,0.0,0.0,61%,0.118,0.016
148,ForecastBench,Anthropic,Claude-3-5-Sonnet-20240620 (scratchpad with news),0.172,1389,"[0.165, 0.179]",0.139,123,"[0.109, 0.171]",0.156,1512,"[0.14, 0.172]",Yes,<0.001,No,1.00,0.0,0.0,61%,0.118,0.017
150,ForecastBench,OpenAI,GPT-4-Turbo-2024-04-09 (scratchpad with news with crowd forecast),0.197,1389,"[0.188, 0.205]",0.117,123,"[0.091, 0.145]",0.157,1512,"[0.144, 0.171]",Yes,<0.001,No,1.00,0.0,0.0,60%,0.116,0.015
150,ForecastBench,Mistral AI,Mixtral-8x22B-Instruct-V0.1 (zero shot with crowd forecast),0.21,1389,"[0.202, 0.219]",0.103,123,"[0.078, 0.132]",0.157,1512,"[0.144, 0.172]",Yes,<0.001,No,1.00,0.0,0.0,60%,0.117,0.015
150,ForecastBench,Anthropic,Claude-2.1 (zero shot with crowd forecast),0.222,1389,"[0.215, 0.229]",0.092,123,"[0.072, 0.115]",0.157,1512,"[0.146, 0.17]",Yes,<0.001,No,1.00,0.0,0.0,60%,0.116,0.015
150,ForecastBench,Google,Gemini-1.5-Pro (zero shot with crowd forecast),0.2,1389,"[0.192, 0.209]",0.114,123,"[0.085, 0.148]",0.157,1512,"[0.142, 0.175]",Yes,<0.001,No,1.00,0.0,0.0,60%,0.116,0.015
154,ForecastBench,Google,Gemini-1.5-Pro (scratchpad),0.178,1389,"[0.172, 0.185]",0.137,123,"[0.103, 0.171]",0.158,1512,"[0.141, 0.175]",Yes,<0.001,No,1.00,0.0,0.0,60%,0.116,0.014
154,ForecastBench,Mistral AI,Mistral-Large-Latest (zero shot with crowd forecast),0.207,1389,"[0.198, 0.217]",0.109,123,"[0.082, 0.14]",0.158,1512,"[0.144, 0.174]",Yes,<0.001,No,1.00,0.0,0.0,60%,0.115,0.014
156,ForecastBench,Google,Gemini-1.5-Flash (zero shot with crowd forecast),0.214,1389,"[0.204, 0.224]",0.103,123,"[0.074, 0.139]",0.159,1512,"[0.143, 0.177]",Yes,<0.001,No,1.00,0.0,0.0,60%,0.115,0.013
156,ForecastBench,OpenAI,GPT-5-Nano-2025-08-07 (zero shot),0.177,2306,"[0.17, 0.185]",0.14,320,"[0.119, 0.16]",0.159,2626,"[0.147, 0.17]",Yes,<0.001,No,1.00,0.0,0.0,60%,0.14,-0.001
156,ForecastBench,Meta,Llama-4-Scout-17B-16E-Instruct (zero shot),0.208,5565,"[0.205, 0.212]",0.11,428,"[0.097, 0.125]",0.159,5993,"[0.152, 0.167]",Yes,<0.001,No,1.00,0.0,0.0,60%,0.136,0.004
159,ForecastBench,Meta,Llama-4-Maverick-17B-128E-Instruct-FP8 (scratchpad),0.184,4701,"[0.181, 0.187]",0.137,342,"[0.123, 0.151]",0.16,5043,"[0.153, 0.168]",Yes,<0.001,No,1.00,0.0,0.0,60%,0.13,0.003
159,ForecastBench,Google,Gemini-2.0-Flash-Lite-001 (scratchpad),0.188,2339,"[0.181, 0.194]",0.133,174,"[0.115, 0.151]",0.16,2513,"[0.15, 0.17]",Yes,<0.001,No,1.00,0.0,0.0,60%,0.142,0.005
161,ForecastBench,DeepSeek,DeepSeek-V3.1 (zero shot),0.159,1443,"[0.152, 0.166]",0.163,246,"[0.138, 0.185]",0.161,1689,"[0.148, 0.173]",Yes,<0.001,No,1.00,0.0,0.0,60%,0.132,-0.003
161,ForecastBench,Mistral AI,Mixtral-8x22B-Instruct-V0.1 (scratchpad with crowd forecast),0.2,1389,"[0.192, 0.208]",0.123,123,"[0.097, 0.15]",0.161,1512,"[0.148, 0.175]",Yes,<0.001,No,1.00,0.0,0.0,60%,0.112,0.011
161,ForecastBench,Mistral AI,Mixtral-8x7B-Instruct-V0.1 (zero shot with crowd forecast),0.215,1389,"[0.203, 0.227]",0.107,123,"[0.078, 0.14]",0.161,1512,"[0.145, 0.179]",Yes,<0.001,No,1.00,0.0,0.0,60%,0.112,0.011
161,ForecastBench,Meta,Llama-3.3-70B-Instruct-Turbo (scratchpad),0.185,8228,"[0.183, 0.188]",0.136,613,"[0.126, 0.147]",0.161,8841,"[0.155, 0.166]",Yes,<0.001,No,1.00,0.0,0.0,60%,0.139,0.003
161,ForecastBench,Mistral AI,Mistral-Large-Latest (scratchpad with crowd forecast),0.193,1389,"[0.185, 0.201]",0.128,123,"[0.102, 0.157]",0.161,1512,"[0.146, 0.175]",Yes,<0.001,No,1.00,0.0,0.0,60%,0.113,0.012
161,ForecastBench,Google,Gemini-2.5-Flash (zero shot),0.168,2306,"[0.162, 0.175]",0.154,320,"[0.128, 0.181]",0.161,2626,"[0.148, 0.175]",Yes,<0.001,No,1.00,0.0,0.0,60%,0.138,-0.003
167,ForecastBench,Anthropic,Claude-Sonnet-4-20250514 (scratchpad),0.178,1727,"[0.172, 0.184]",0.145,160,"[0.121, 0.172]",0.162,1887,"[0.149, 0.175]",Yes,<0.001,No,1.00,0.0,0.0,60%,0.151,-0.001
167,ForecastBench,OpenAI,GPT-4o-2024-05-13 (zero shot),0.193,8178,"[0.189, 0.196]",0.131,609,"[0.117, 0.143]",0.162,8787,"[0.155, 0.168]",Yes,<0.001,No,1.00,0.0,0.0,60%,0.137,0.002
169,ForecastBench,ForecastBench,Naive Forecaster,0.268,15953,"[0.264, 0.272]",0.058,1410,"[0.051, 0.065]",0.163,17363,"[0.159, 0.167]",Yes,<0.001,No,1.00,0.0,0.0,60%,0.139,0.0
169,ForecastBench,Google,Gemini-1.5-Pro (scratchpad with news with crowd forecast),0.185,1389,"[0.176, 0.193]",0.141,123,"[0.11, 0.173]",0.163,1512,"[0.147, 0.179]",Yes,<0.001,No,1.00,0.0,0.0,60%,0.11,0.009
171,ForecastBench,OpenAI,GPT-4o (scratchpad),0.187,1389,"[0.178, 0.196]",0.142,123,"[0.112, 0.173]",0.164,1512,"[0.149, 0.181]",Yes,<0.001,No,1.00,0.0,0.0,59%,0.109,0.008
171,ForecastBench,Anthropic,Claude-3-Opus-20240229 (zero shot),0.174,6042,"[0.171, 0.177]",0.155,474,"[0.138, 0.173]",0.164,6516,"[0.156, 0.174]",Yes,<0.001,No,1.00,0.0,0.0,59%,0.129,0.001
171,ForecastBench,OpenAI,GPT-4o (scratchpad with news),0.193,1389,"[0.183, 0.201]",0.136,123,"[0.107, 0.165]",0.164,1512,"[0.149, 0.18]",Yes,<0.001,No,1.00,0.0,0.0,59%,0.109,0.008
174,ForecastBench,Meta,Llama-3-70b-Chat-Hf (scratchpad with crowd forecast),0.21,1389,"[0.201, 0.219]",0.12,123,"[0.1, 0.141]",0.165,1512,"[0.154, 0.177]",Yes,<0.001,No,1.00,0.0,0.0,59%,0.108,0.007
174,ForecastBench,Meta,Meta-Llama-3.1-405B-Instruct-Turbo (scratchpad),0.182,2348,"[0.178, 0.186]",0.148,170,"[0.126, 0.17]",0.165,2518,"[0.154, 0.176]",Yes,<0.001,No,1.00,0.0,0.0,59%,0.125,-0.0
176,ForecastBench,Qwen,Qwen2.5-72B-Instruct-Turbo (zero shot),0.191,2348,"[0.187, 0.196]",0.141,170,"[0.116, 0.167]",0.166,2518,"[0.154, 0.18]",Yes,<0.001,No,1.00,0.0,0.0,59%,0.124,-0.002
176,ForecastBench,Moonshot,Kimi-K2-Instruct (zero shot),0.177,3543,"[0.172, 0.182]",0.156,420,"[0.135, 0.176]",0.166,3963,"[0.155, 0.177]",Yes,<0.001,No,1.00,0.0,0.0,59%,0.144,-0.008
176,FractalAIResearch,FractalAIResearch,Fathom-Search-4B (prompt 1),0.189,485,"[0.172, 0.205]",0.144,88,"[0.103, 0.192]",0.166,573,"[0.145, 0.192]",Yes,<0.001,No,1.00,0.0,0.0,59%,0.131,-0.021
179,ForecastBench,Z.ai,GLM-4.5-Air-FP8 (scratchpad),0.18,863,"[0.171, 0.19]",0.153,74,"[0.123, 0.181]",0.167,937,"[0.151, 0.182]",Yes,<0.001,No,1.00,0.0,0.0,59%,0.144,-0.008
179,ForecastBench,Anthropic,Claude-3-Opus-20240229 (superforecaster with news 1),0.186,1389,"[0.178, 0.193]",0.148,123,"[0.115, 0.183]",0.167,1512,"[0.15, 0.184]",Yes,<0.001,No,1.00,0.0,0.0,59%,0.106,0.005
179,ForecastBench,Meta,Llama-3-8b-Chat-Hf (zero shot),0.203,2538,"[0.196, 0.209]",0.131,213,"[0.102, 0.16]",0.167,2751,"[0.152, 0.182]",Yes,<0.001,No,1.00,0.0,0.0,59%,0.121,0.0
179,ForecastBench,Qwen,Qwen1.5-110B-Chat (scratchpad with crowd forecast),0.186,1389,"[0.179, 0.193]",0.148,123,"[0.123, 0.176]",0.167,1512,"[0.154, 0.181]",Yes,<0.001,No,1.00,0.0,0.0,59%,0.106,0.005
183,ForecastBench,OpenAI,GPT-4-Turbo-2024-04-09 (scratchpad with news),0.197,1389,"[0.188, 0.205]",0.14,123,"[0.109, 0.171]",0.168,1512,"[0.152, 0.184]",Yes,<0.001,No,1.00,0.0,0.0,59%,0.105,0.004
184,ForecastBench,Mistral,Mistral-Large-2407 (zero shot),0.191,8178,"[0.188, 0.194]",0.147,609,"[0.133, 0.161]",0.169,8787,"[0.162, 0.176]",Yes,<0.001,No,1.00,0.0,0.0,59%,0.13,-0.005
184,ForecastBench,Mistral AI,Mixtral-8x22B-Instruct-V0.1 (superforecaster with news 1),0.212,1389,"[0.203, 0.221]",0.126,123,"[0.091, 0.163]",0.169,1512,"[0.15, 0.188]",Yes,<0.001,No,1.00,0.0,0.0,59%,0.104,0.003
184,ForecastBench,OpenAI,GPT-4o-2024-05-13 (scratchpad),0.204,8178,"[0.201, 0.207]",0.135,609,"[0.123, 0.146]",0.169,8787,"[0.163, 0.175]",Yes,<0.001,No,1.00,0.0,0.0,59%,0.129,-0.006
184,FractalAIResearch,FractalAIResearch,Fathom-Search-4B (prompt 2),0.208,485,"[0.189, 0.227]",0.13,88,"[0.093, 0.175]",0.169,573,"[0.147, 0.193]",Yes,<0.001,No,1.00,0.0,0.0,59%,0.128,-0.024
188,ForecastBench,OpenAI,GPT-4-0613 (scratchpad),0.193,1389,"[0.185, 0.201]",0.146,123,"[0.118, 0.173]",0.17,1512,"[0.155, 0.184]",Yes,<0.001,No,1.00,0.0,0.0,59%,0.104,0.003
188,ForecastBench,Mistral,Mistral-Large-2411 (scratchpad with crowd forecast),0.22,2588,"[0.214, 0.225]",0.12,247,"[0.107, 0.135]",0.17,2835,"[0.162, 0.178]",Yes,<0.001,No,1.00,0.0,0.0,59%,0.147,-0.011
188,ForecastBench,Google,Gemini-1.5-Pro (scratchpad with news),0.185,1389,"[0.176, 0.193]",0.154,123,"[0.119, 0.189]",0.17,1512,"[0.152, 0.187]",Yes,<0.001,No,1.00,0.0,0.0,59%,0.104,0.003
191,ForecastBench,Qwen,Qwen1.5-110B-Chat (scratchpad),0.186,1389,"[0.179, 0.193]",0.155,123,"[0.128, 0.182]",0.171,1512,"[0.157, 0.185]",Yes,<0.001,No,1.00,0.0,0.0,59%,0.103,0.002
191,ForecastBench,Google,Gemini-2.0-Flash-Lite-001 (zero shot with crowd forecast),0.224,2339,"[0.217, 0.232]",0.117,174,"[0.09, 0.148]",0.171,2513,"[0.156, 0.187]",Yes,<0.001,No,1.00,0.0,0.0,59%,0.131,-0.006
191,ForecastBench,Qwen,Qwen1.5-110B-Chat (scratchpad with news with crowd forecast),0.192,1389,"[0.184, 0.199]",0.151,123,"[0.124, 0.177]",0.171,1512,"[0.157, 0.185]",Yes,<0.001,No,1.00,0.0,0.0,59%,0.102,0.001
194,ForecastBench,Meta,Llama-4-Scout-17B-16E-Instruct (scratchpad),0.219,3513,"[0.216, 0.222]",0.127,257,"[0.11, 0.144]",0.173,3770,"[0.165, 0.182]",Yes,<0.001,No,1.00,0.0,0.0,58%,0.121,-0.009
195,ForecastBench,OpenAI,GPT-4o (zero shot),0.211,1389,"[0.201, 0.221]",0.137,123,"[0.102, 0.174]",0.174,1512,"[0.156, 0.193]",Yes,<0.001,No,1.00,0.0,0.0,58%,0.099,-0.002
195,ForecastBench,Mistral AI,Mixtral-8x22B-Instruct-V0.1 (scratchpad with news with crowd forecast),0.211,1389,"[0.201, 0.221]",0.138,123,"[0.109, 0.166]",0.174,1512,"[0.159, 0.19]",Yes,<0.001,No,1.00,0.0,0.0,58%,0.099,-0.002
195,ForecastBench,Google,Gemini-1.5-Flash (scratchpad with crowd forecast),0.215,1389,"[0.204, 0.226]",0.132,123,"[0.106, 0.159]",0.174,1512,"[0.159, 0.188]",Yes,<0.001,No,1.00,0.0,0.0,58%,0.1,-0.001
195,ForecastBench,Anthropic,Claude-3-5-Sonnet-20240620 (scratchpad with SECOND news),0.213,1389,"[0.206, 0.22]",0.135,123,"[0.106, 0.166]",0.174,1512,"[0.16, 0.19]",Yes,<0.001,No,1.00,0.0,0.0,58%,0.099,-0.002
199,ForecastBench,OpenAI,GPT-4-Turbo-2024-04-09 (scratchpad),0.188,6042,"[0.185, 0.192]",0.161,474,"[0.147, 0.176]",0.175,6516,"[0.167, 0.182]",Yes,<0.001,No,1.00,0.0,0.0,58%,0.118,-0.009
200,ForecastBench,OpenAI,GPT-4o (superforecaster with news 1),0.213,1389,"[0.202, 0.223]",0.139,123,"[0.105, 0.177]",0.176,1512,"[0.158, 0.196]",Yes,<0.001,No,1.00,0.0,0.0,58%,0.097,-0.004
200,ForecastBench,Google,Gemini-2.0-Flash-Lite-001 (zero shot),0.224,2339,"[0.217, 0.232]",0.127,174,"[0.102, 0.154]",0.176,2513,"[0.163, 0.189]",Yes,<0.001,No,1.00,0.0,0.0,58%,0.126,-0.011
202,ForecastBench,Anthropic,Claude-3-Opus-20240229 (scratchpad),0.182,6042,"[0.179, 0.186]",0.171,474,"[0.158, 0.185]",0.177,6516,"[0.17, 0.184]",Yes,<0.001,No,1.00,0.0,0.0,58%,0.116,-0.011
202,ForecastBench,Mistral,Mistral-Large-2411 (zero shot),0.194,2588,"[0.189, 0.2]",0.159,247,"[0.139, 0.18]",0.177,2835,"[0.166, 0.188]",Yes,<0.001,No,1.00,0.0,0.0,58%,0.14,-0.018
204,ForecastBench,Mistral AI,Mistral-Large-Latest (scratchpad),0.193,1389,"[0.185, 0.201]",0.163,123,"[0.132, 0.195]",0.178,1512,"[0.161, 0.195]",Yes,<0.001,No,1.00,0.0,0.0,58%,0.095,-0.006
204,ForecastBench,Z.ai,GLM-4.5-Air-FP8 (zero shot),0.189,1818,"[0.181, 0.196]",0.168,247,"[0.143, 0.193]",0.178,2065,"[0.165, 0.191]",Yes,<0.001,No,1.00,0.0,0.0,58%,0.122,-0.021
206,ForecastBench,OpenAI,GPT-4-0613 (zero shot),0.189,1389,"[0.181, 0.198]",0.168,123,"[0.138, 0.197]",0.179,1512,"[0.164, 0.194]",Yes,<0.001,No,1.00,0.0,0.0,58%,0.095,-0.007
207,ForecastBench,Mistral AI,Mixtral-8x22B-Instruct-V0.1 (scratchpad with news),0.211,1389,"[0.201, 0.221]",0.15,123,"[0.119, 0.182]",0.181,1512,"[0.164, 0.197]",Yes,<0.001,No,1.00,0.0,0.0,57%,0.092,-0.009
207,ForecastBench,Qwen,Qwen1.5-110B-Chat (scratchpad with news),0.192,1389,"[0.184, 0.199]",0.17,123,"[0.141, 0.202]",0.181,1512,"[0.165, 0.197]",Yes,<0.001,No,1.00,0.0,0.0,57%,0.092,-0.009
207,ForecastBench,Meta,Llama-3-70b-Chat-Hf (zero shot),0.204,3694,"[0.199, 0.209]",0.158,304,"[0.139, 0.179]",0.181,3998,"[0.171, 0.192]",Yes,<0.001,No,1.00,0.0,0.0,57%,0.114,-0.015
210,ForecastBench,Qwen,Qwen1.5-110B-Chat (zero shot),0.199,1389,"[0.191, 0.207]",0.166,123,"[0.135, 0.199]",0.182,1512,"[0.166, 0.199]",Yes,<0.001,No,1.00,0.0,0.0,57%,0.091,-0.01
210,ForecastBench,Mistral AI,Mixtral-8x7B-Instruct-V0.1 (zero shot),0.215,1389,"[0.203, 0.227]",0.149,123,"[0.109, 0.193]",0.182,1512,"[0.162, 0.205]",Yes,<0.001,No,1.00,0.0,0.0,57%,0.091,-0.01
212,ForecastBench,Mistral AI,Mixtral-8x22B-Instruct-V0.1 (scratchpad),0.2,1389,"[0.192, 0.208]",0.166,123,"[0.136, 0.195]",0.183,1512,"[0.167, 0.198]",Yes,<0.001,No,1.00,0.0,0.0,57%,0.091,-0.011
212,ForecastBench,Anthropic,Claude-3-5-Sonnet-20240620 (superforecaster with news 2),0.208,1389,"[0.197, 0.218]",0.159,123,"[0.124, 0.195]",0.183,1512,"[0.165, 0.203]",Yes,<0.001,No,1.00,0.0,0.0,57%,0.09,-0.011
214,ForecastBench,Mistral AI,Mistral-Large-Latest (zero shot),0.207,1389,"[0.198, 0.217]",0.161,123,"[0.125, 0.2]",0.184,1512,"[0.165, 0.205]",Yes,<0.001,No,1.00,0.0,0.0,57%,0.089,-0.012
214,Stochastic Radiant,Anthropic,claude-3-5-haiku-20241022,0.216,864,"[0.208, 0.224]",0.153,86,"[0.116, 0.195]",0.184,950,"[0.166, 0.205]",Yes,<0.001,No,1.00,0.0,0.0,57%,0.131,-0.021
214,ForecastBench,ForecastBench,"LLM Crowd (gpt-4o, claude-3.5-sonnet, gemini-1.5-pro) geometric mean with news",0.241,1389,"[0.234, 0.248]",0.127,123,"[0.102, 0.153]",0.184,1512,"[0.171, 0.198]",Yes,<0.001,No,1.00,0.0,0.0,57%,0.089,-0.012
214,ForecastBench,Meta,Llama-3-8b-Chat-Hf (scratchpad with crowd forecast),0.241,1389,"[0.232, 0.249]",0.127,123,"[0.099, 0.153]",0.184,1512,"[0.169, 0.199]",Yes,<0.001,No,1.00,0.0,0.0,57%,0.09,-0.012
218,ForecastBench,Anthropic,Claude-3-Opus-20240229 (scratchpad with news with crowd forecast),0.205,1389,"[0.195, 0.214]",0.164,123,"[0.135, 0.195]",0.185,1512,"[0.169, 0.2]",Yes,<0.001,No,1.00,0.0,0.0,57%,0.089,-0.012
218,ForecastBench,Google,Gemini-1.5-Pro (zero shot),0.2,1389,"[0.192, 0.209]",0.17,123,"[0.131, 0.212]",0.185,1512,"[0.165, 0.207]",Yes,<0.001,No,1.00,0.0,0.0,57%,0.088,-0.013
220,ForecastBench,Google,Gemini-1.5-Pro (superforecaster with news 3),0.202,1389,"[0.194, 0.21]",0.169,123,"[0.133, 0.204]",0.186,1512,"[0.167, 0.204]",Yes,<0.001,No,1.00,0.0,0.0,57%,0.088,-0.013
220,ForecastBench,ForecastBench,"LLM Crowd (gpt-4o, claude-3.5-sonnet, gemini-1.5-pro) geometric mean log odds with news",0.242,1389,"[0.235, 0.249]",0.13,123,"[0.104, 0.157]",0.186,1512,"[0.172, 0.2]",Yes,<0.001,No,1.00,0.0,0.0,57%,0.087,-0.014
220,ForecastBench,ForecastBench,"LLM Crowd (gpt-4o, claude-3.5-sonnet, gemini-1.5-pro) median with news",0.241,1389,"[0.234, 0.249]",0.131,123,"[0.105, 0.158]",0.186,1512,"[0.172, 0.2]",Yes,<0.001,No,1.00,0.0,0.0,57%,0.087,-0.014
220,ForecastBench,Qwen,Qwen1.5-110B-Chat (superforecaster with news 1),0.204,1389,"[0.195, 0.214]",0.168,123,"[0.13, 0.207]",0.186,1512,"[0.166, 0.206]",Yes,<0.001,No,1.00,0.0,0.0,57%,0.087,-0.014
224,ForecastBench,Mistral,Mistral-Large-2407 (scratchpad),0.202,5834,"[0.199, 0.205]",0.173,433,"[0.159, 0.187]",0.187,6267,"[0.18, 0.195]",Yes,<0.001,No,1.00,0.0,0.0,57%,0.112,-0.024
225,ForecastBench,Google,Gemini-1.5-Flash (scratchpad with news with crowd forecast),0.23,1389,"[0.218, 0.242]",0.147,123,"[0.115, 0.18]",0.188,1512,"[0.171, 0.207]",Yes,<0.001,No,1.00,0.0,0.0,57%,0.085,-0.016
225,ForecastBench,Mistral AI,Mistral-Large-Latest (superforecaster with news 1),0.217,1389,"[0.207, 0.227]",0.159,123,"[0.124, 0.195]",0.188,1512,"[0.17, 0.206]",Yes,<0.001,No,1.00,0.0,0.0,57%,0.086,-0.016
227,ForecastBench,Anthropic,Claude-3-Opus-20240229 (superforecaster with news 2),0.198,1389,"[0.19, 0.206]",0.179,123,"[0.143, 0.217]",0.189,1512,"[0.17, 0.208]",Yes,<0.001,No,1.00,0.0,0.0,57%,0.085,-0.017
228,ForecastBench,Google,Gemini-1.5-Pro (superforecaster with news 1),0.212,1389,"[0.201, 0.221]",0.168,123,"[0.13, 0.204]",0.19,1512,"[0.17, 0.21]",Yes,<0.001,No,1.00,0.0,0.0,57%,0.083,-0.018
228,ForecastBench,Mistral AI,Mistral-Large-Latest (scratchpad with news with crowd forecast),0.211,1389,"[0.202, 0.22]",0.168,123,"[0.137, 0.199]",0.19,1512,"[0.173, 0.206]",Yes,<0.001,No,1.00,0.0,0.0,57%,0.084,-0.017
230,ForecastBench,OpenAI,GPT-4-Turbo-2024-04-09 (superforecaster with news 1),0.207,1389,"[0.198, 0.217]",0.174,123,"[0.141, 0.208]",0.191,1512,"[0.174, 0.209]",Yes,<0.001,No,1.00,0.0,0.0,57%,0.083,-0.019
230,ForecastBench,Mistral AI,Mixtral-8x22B-Instruct-V0.1 (zero shot),0.21,1389,"[0.202, 0.219]",0.171,123,"[0.134, 0.209]",0.191,1512,"[0.172, 0.211]",Yes,<0.001,No,1.00,0.0,0.0,57%,0.083,-0.018
232,ForecastBench,Google,Gemini-1.5-Flash (scratchpad),0.215,1389,"[0.204, 0.226]",0.169,123,"[0.138, 0.2]",0.192,1512,"[0.176, 0.21]",Yes,<0.001,No,1.00,0.0,0.0,57%,0.081,-0.02
232,ForecastBench,Anthropic,Claude-3-Haiku-20240307 (zero shot with crowd forecast),0.238,6042,"[0.234, 0.243]",0.145,474,"[0.134, 0.155]",0.192,6516,"[0.186, 0.197]",Yes,<0.001,No,1.00,0.0,0.0,57%,0.102,-0.026
234,ForecastBench,Anthropic,Claude-3-Opus-20240229 (scratchpad with news),0.205,1389,"[0.195, 0.214]",0.181,123,"[0.15, 0.212]",0.193,1512,"[0.177, 0.209]",Yes,<0.001,No,1.00,0.0,0.0,57%,0.08,-0.021
235,ForecastBench,Mistral AI,Mistral-Large-Latest (scratchpad with news),0.211,1389,"[0.202, 0.22]",0.183,123,"[0.148, 0.219]",0.197,1512,"[0.179, 0.216]",Yes,<0.001,No,1.00,0.0,0.0,56%,0.076,-0.025
236,ForecastBench,Meta,Llama-3-70b-Chat-Hf (scratchpad),0.21,1389,"[0.201, 0.219]",0.189,123,"[0.159, 0.218]",0.199,1512,"[0.184, 0.215]",Yes,<0.001,No,1.00,0.0,0.0,56%,0.074,-0.027
237,ForecastBench,Anthropic,Claude-2.1 (zero shot),0.222,1389,"[0.215, 0.229]",0.181,123,"[0.147, 0.215]",0.201,1512,"[0.184, 0.219]",Yes,<0.001,No,1.00,0.0,0.0,56%,0.072,-0.029
237,ForecastBench,Mistral AI,Mistral-Large-Latest (superforecaster with news 2),0.21,1389,"[0.2, 0.219]",0.191,123,"[0.154, 0.233]",0.201,1512,"[0.181, 0.222]",Yes,<0.001,No,1.00,0.0,0.0,56%,0.073,-0.028
239,ForecastBench,OpenAI,GPT-4o (superforecaster with news 2),0.245,1389,"[0.233, 0.257]",0.16,123,"[0.126, 0.194]",0.203,1512,"[0.185, 0.221]",Yes,<0.001,No,1.00,0.0,0.0,55%,0.071,-0.03
239,ForecastBench,Mistral AI,Mixtral-8x22B-Instruct-V0.1 (superforecaster with news 2),0.231,1389,"[0.22, 0.242]",0.175,123,"[0.146, 0.205]",0.203,1512,"[0.188, 0.219]",Yes,<0.001,No,1.00,0.0,0.0,55%,0.07,-0.031
241,ForecastBench,Google,Gemini-1.5-Flash (scratchpad with news),0.23,1389,"[0.218, 0.242]",0.178,123,"[0.142, 0.215]",0.204,1512,"[0.185, 0.223]",Yes,<0.001,No,1.00,0.0,0.0,55%,0.07,-0.032
242,ForecastBench,Google,Gemini-1.5-Flash (zero shot),0.214,1389,"[0.204, 0.224]",0.196,123,"[0.156, 0.237]",0.205,1512,"[0.185, 0.226]",Yes,<0.001,No,1.00,0.0,0.0,55%,0.068,-0.033
243,ForecastBench,Google,Gemini-1.5-Pro (superforecaster with news 2),0.225,1389,"[0.213, 0.236]",0.192,123,"[0.148, 0.235]",0.208,1512,"[0.186, 0.23]",Yes,<0.001,No,1.00,0.0,0.0,54%,0.065,-0.036
244,ForecastBench,Anthropic,Claude-3-Haiku-20240307 (zero shot),0.238,6042,"[0.234, 0.243]",0.182,474,"[0.17, 0.194]",0.21,6516,"[0.204, 0.217]",Yes,<0.001,No,1.00,0.0,0.0,54%,0.083,-0.045
245,ForecastBench,OpenAI,GPT-4-Turbo-2024-04-09 (superforecaster with news 2),0.229,1389,"[0.218, 0.239]",0.195,123,"[0.159, 0.233]",0.212,1512,"[0.192, 0.232]",Yes,<0.001,No,1.00,0.0,0.0,54%,0.061,-0.04
246,ForecastBench,Meta,Llama-3-8b-Chat-Hf (scratchpad),0.241,1389,"[0.232, 0.249]",0.187,123,"[0.155, 0.219]",0.214,1512,"[0.197, 0.231]",Yes,<0.001,No,1.00,0.0,0.0,54%,0.06,-0.042
247,ForecastBench,Mistral,Mistral-Large-2411 (scratchpad),0.22,2588,"[0.214, 0.225]",0.213,247,"[0.195, 0.231]",0.216,2835,"[0.207, 0.225]",Yes,<0.001,No,1.00,0.0,0.0,54%,0.101,-0.057
248,ForecastBench,Anthropic,Claude-3-Haiku-20240307 (scratchpad with crowd forecast),0.246,1389,"[0.236, 0.255]",0.202,123,"[0.169, 0.234]",0.224,1512,"[0.207, 0.241]",Yes,<0.001,No,1.00,0.0,0.0,53%,0.049,-0.052
249,ForecastBench,Meta,Llama-2-70b-Chat-Hf (scratchpad with crowd forecast),0.248,1389,"[0.24, 0.256]",0.206,123,"[0.176, 0.236]",0.227,1512,"[0.211, 0.242]",Yes,<0.001,No,1.00,0.0,0.0,52%,0.046,-0.055
250,ForecastBench,Meta,Llama-2-70b-Chat-Hf (scratchpad),0.248,1389,"[0.24, 0.256]",0.207,123,"[0.173, 0.242]",0.228,1512,"[0.209, 0.245]",Yes,<0.001,No,1.00,0.0,0.0,52%,0.046,-0.056
250,ForecastBench,Google,Gemini-1.5-Flash (superforecaster with news 1),0.248,1389,"[0.236, 0.26]",0.208,123,"[0.164, 0.252]",0.228,1512,"[0.205, 0.251]",Yes,<0.001,No,1.00,0.0,0.0,52%,0.045,-0.056
252,ForecastBench,Anthropic,Claude-3-Haiku-20240307 (superforecaster with news 2),0.247,1389,"[0.237, 0.257]",0.213,123,"[0.18, 0.246]",0.23,1512,"[0.212, 0.248]",Yes,<0.001,No,1.00,0.0,0.0,52%,0.043,-0.058
253,ForecastBench,Google,Gemini-1.5-Flash (superforecaster with news 2),0.249,1389,"[0.236, 0.261]",0.214,123,"[0.174, 0.256]",0.232,1512,"[0.211, 0.253]",Yes,<0.001,No,1.00,0.0,0.0,52%,0.042,-0.059
253,ForecastBench,Anthropic,Claude-3-Haiku-20240307 (scratchpad),0.246,1389,"[0.236, 0.255]",0.218,123,"[0.184, 0.249]",0.232,1512,"[0.214, 0.249]",Yes,<0.001,No,1.00,0.0,0.0,52%,0.042,-0.06
255,ForecastBench,Meta,Llama-2-70b-Chat-Hf (zero shot with crowd forecast),0.253,1389,"[0.242, 0.262]",0.213,123,"[0.171, 0.257]",0.233,1512,"[0.211, 0.255]",Yes,<0.001,No,1.00,0.0,0.0,52%,0.041,-0.06
256,ForecastBench,OpenAI,GPT-3.5-Turbo-0125 (scratchpad),0.264,1389,"[0.254, 0.274]",0.211,123,"[0.173, 0.248]",0.238,1512,"[0.217, 0.257]",Yes,<0.001,No,1.00,0.0,0.0,51%,0.035,-0.066
257,ForecastBench,OpenAI,GPT-3.5-Turbo-0125 (scratchpad with crowd forecast),0.264,1389,"[0.254, 0.274]",0.213,123,"[0.178, 0.248]",0.239,1512,"[0.219, 0.256]",Yes,<0.001,No,1.00,0.0,0.0,51%,0.035,-0.067
258,ForecastBench,Anthropic,Claude-3-Haiku-20240307 (scratchpad with news with crowd forecast),0.282,1389,"[0.271, 0.293]",0.201,123,"[0.168, 0.233]",0.242,1512,"[0.224, 0.259]",Yes,<0.001,No,1.00,0.0,0.0,51%,0.032,-0.07
259,ForecastBench,Anthropic,Claude-3-Haiku-20240307 (scratchpad with news),0.282,1389,"[0.271, 0.293]",0.21,123,"[0.178, 0.241]",0.246,1512,"[0.229, 0.263]",Yes,<0.001,No,1.00,0.0,0.0,50%,0.027,-0.074
260,ForecastBench,ForecastBench,Always 0.5,0.25,15953,"[0.25, 0.25]",0.25,1410,"[0.25, 0.25]",0.25,17363,"[0.25, 0.25]",Yes,<0.001,No,1.00,0.0,0.0,50%,0.052,-0.087
261,ForecastBench,ForecastBench,Always 0,0.365,15953,"[0.358, 0.372]",0.138,1410,"[0.121, 0.155]",0.252,17363,"[0.243, 0.261]",Yes,<0.001,No,1.00,0.0,0.0,50%,0.05,-0.089
262,ForecastBench,OpenAI,GPT-3.5-Turbo-0125 (zero shot with crowd forecast),0.421,1389,"[0.408, 0.434]",0.129,123,"[0.095, 0.166]",0.275,1512,"[0.256, 0.295]",Yes,<0.001,No,1.00,0.0,0.0,48%,-0.002,-0.103
263,ForecastBench,Meta,Llama-2-70b-Chat-Hf (zero shot),0.253,1389,"[0.242, 0.262]",0.304,123,"[0.259, 0.351]",0.278,1512,"[0.255, 0.302]",Yes,<0.001,No,1.00,0.0,0.0,47%,-0.005,-0.106
264,ForecastBench,Anthropic,Claude-3-Haiku-20240307 (superforecaster with news 1),0.305,1389,"[0.292, 0.316]",0.276,123,"[0.232, 0.319]",0.29,1512,"[0.267, 0.313]",Yes,<0.001,No,1.00,0.0,0.0,46%,-0.017,-0.118
265,ForecastBench,OpenAI,GPT-3.5-Turbo-0125 (zero shot),0.421,1389,"[0.408, 0.434]",0.245,123,"[0.198, 0.291]",0.333,1512,"[0.308, 0.356]",Yes,<0.001,No,1.00,0.0,0.0,42%,-0.06,-0.161
266,ForecastBench,ForecastBench,Random Uniform,0.334,15953,"[0.329, 0.338]",0.334,1410,"[0.319, 0.349]",0.334,17363,"[0.326, 0.342]",Yes,<0.001,No,1.00,0.0,0.0,42%,-0.032,-0.171
267,ForecastBench,ForecastBench,Always 1,0.635,15953,"[0.628, 0.642]",0.862,1410,"[0.845, 0.879]",0.748,17363,"[0.739, 0.757]",Yes,<0.001,No,1.00,0.0,0.0,13%,-0.447,-0.586
